{"cameraMode":{"drawMode":0,"name":"Shaded","section":"Shading Mode"},"sceneLighting":false,"audioPlay":false,"sceneViewState":{"showFog":true,"showMaterialUpdate":false,"showSkybox":true,"showFlares":true,"showImageEffects":true,"showParticleSystems":true},"in2DMode":false,"pivot":{"x":2.4291739463806154,"y":2.4867849349975588,"z":2.7785050868988039},"rotation":{"x":0.04697273671627045,"y":0.715999186038971,"z":-0.04840349778532982,"w":0.6948351860046387},"size":9.231438636779786,"orthographic":true}