{"cameraMode":{"drawMode":0,"name":"Shaded","section":"Shading Mode"},"sceneLighting":false,"audioPlay":false,"sceneViewState":{"showFog":true,"showMaterialUpdate":false,"showSkybox":false,"showFlares":true,"showImageEffects":true,"showParticleSystems":true},"in2DMode":false,"pivot":{"x":4.680638313293457,"y":0.02090895175933838,"z":3.387765884399414},"rotation":{"x":-0.01660885475575924,"y":0.9811785817146301,"z":-0.16520488262176515,"w":-0.09864279627799988},"size":10.284507751464844,"orthographic":false}